url,is_review
https://www.centurymartialarts.com/shop/uniforms-belts/belts/,0
https://www.bridalfabrics.com/collections/trims,0
https://www.sacbee.com/reviews/headphone-splitter/,1
https://www.shoezone.com/Mens/Safety-Footwear/Why-Wear-Safety-Shoes-Or-Boots,0
https://katiespring.com/organic-shallot-onion-leek-varieties/,0
https://opereviews.com/buying-guides/,1
https://www.zimtland.de/en/12-cinnamon-insoles,0
https://en.wikipedia.org/wiki/Ear_pick,0
https://de.hgtv.com/,0
https://www.realhomes.com/buying-guides/the-best-storage-containers-for-clothes,1
https://www.golfsidekick.com/gear/coolest-golf-ball-markers/,0
https://www.elliott-tool.com/tube-cleaners-4-types-to-choose-from/,0
https://www.whattoexpect.com/baby-products/nursing-feeding/what-to-expect-feeding-awards/,1
https://www.bunnings.com.au/products/garden/sheds/shed-accessories,0
https://www.health.com/beauty/skincare/slick-solutions-back-lotion-applicator-amazon,0
https://www.thehorrordome.com/products/toasty-silicone-halloween-costume-gloves,0
https://www.neit.edu/blog/game-development-software-tools,1
https://www.amazon.com/Best-Sellers-Body-Glitters/zgbs/beauty/11058301,1
https://www.gardentoolexpert.com/chainsaw-accessories-what-should-each-user-have/,0
https://www.amazon.de/-/en/gp/bestsellers/kitchen/3177971031,1
https://lensnotes.com/photography/copy-stand/,0
https://www.rubbermaidcommercial.com.au/cleaning/cleaning-carts-housekeeping-carts/,0
https://aestheticurns.co.uk/,0
https://www.sportsballshop.co.uk/collections/water-polo-balls,0
https://n26.com/en-eu/top-up,1
https://www.pinterest.com/carolh1846/popcorn/,0
https://www.popularmechanics.com/home/tools/a24539816/best-leaf-blowers/,1
https://www.thespruce.com/buy-lighting-fixtures-4176113,1
https://www.babylist.com/hello-baby/best-drawer-cabinet-locks-childproofing,1
https://www.techgearlab.com/topics/health-fitness/best-electric-razor,1
https://historicengland.org.uk/favicon.ico,0
https://www.surfertoday.com/surfing/the-best-soft-top-surfboards-in-the-world,1
https://www.guidingtech.com/top-desk-organizers-for-a-clutter-free-office-setup/,1
https://www.ncbi.nlm.nih.gov/pmc/articles/PMC4111358/,0
https://www.bobvila.com/slideshow/on-the-fence-7-top-options-in-fencing-materials-44064,0
https://www.ebay.com/b/Hair-Roller-Pins/36407/bn_8441678,1
https://durabilitymatters.com/heavy-duty-garage-shelving/,1
https://www.costafarms.com/get-growing/slideshow/top-plants-for-college-students,1
https://healthiersteps.com/recipe/jamaican-breadfruit-rundown/,1
https://www.bestbuy.com/site/buying-guides/video-game-peripherals-and-hardware-buying-guide/pcmcat337000050002.c?id=pcmcat337000050002,0
https://www.nytimes.com/wirecutter/reviews/best-smartphone-car-mount/,1
https://www.pcmag.com/picks/the-best-projectors,1
https://www.goodhousekeeping.com/health-products/g42592010/best-snowboard-brands/,1
https://targetcrazy.com/best-cover-scent-deer-hunting,1
https://www.respiratorshop.co.uk/protective-masks/full-face-masks.html,0
https://www.rohde-schwarz.com/us/products/test-and-measurement/oscilloscopes/educational-content/understanding-passive-oscilloscope-probes_254518.html,0
https://www.forbes.com/sites/forbes-personal-shopper/article/best-camping-chairs/,1
https://dir.indiamart.com/impcat/wheel-shopping-bag.html,0
https://www.staples.com/Paper-Punches/cat_CL160904,0
https://www.ebay.com/b/Digital-Camera-Circuit-Boards/64352/bn_348261,1
https://milkfrotherworld.co.uk/the-best-hot-chocolate-maker/,1
https://www.arrqw.com/shop/product/arrow-steam-press-36-inch-white-with-arrow-steam-press-stand-ro-36sps-2603,0
https://mynewmicrophone.com/top-best-cajon-brands-on-the-market/,1
https://www.noon.com/saudi-en/baby-products/nursery/furniture-16628/travel-cots-baskets/,0
https://momlovesbest.com/kids-basketball-hoops,1
https://www.pinterest.com/rebeccabover/writing-implements/,0
https://www.bestproducts.com/parenting/kids/g856/craft-kits-for-kids/,0
https://www.pickhvac.com/hvac-duct/types/,0
https://www.patrolbase.co.uk/featured-airsoft-news/airsoft-guides/best-airsoft-guns-and-gear-2022,1
https://freevpnplanet.com/blog/the-best-cloud-storage-for-your-photos-that-fit-your-budget-in-2021/,1
https://www.techradar.com/best/firewall,1
https://www.attacktheback.com/best-grappling-dummy-review/,1
https://www.architecturelab.net/best-deburring-tool/,1
https://www.nootica.com/pedal-boat-pelican-monaco.html,0
https://www.pcmag.com/picks/how-to-make-a-video-game-the-best-game-development-software,1
https://artsyprettyplants.com/best-concrete-molds-to-buy/,1
https://www.etsy.com/market/popular_car_decals,0
https://www.decathlon.sg/c/cycling/bicycle-accessories.html,0
https://www.dolle-uk.co.uk/shop/staircases/loft-stairs/mezzanine-loft-stairs,0
https://www.epa.gov/coronavirus/about-list-n-disinfectants-coronavirus-covid-19-0,0
https://www.comparitech.com/net-admin/hub-vs-switch-vs-router/,0
https://www.bestbuy.com/site/electronics/mobile-cell-phones/abcat0800000.c?id=abcat0800000,0
https://www.pinterest.com/pin/103582860151462984/,0
https://www.wish.com/product/hot-best-multi-function-cordless-portable-welding-pen-blow-torch-butane-gas-solder-iron-58c7c109560e11528fd92287,0
https://www.self.com/gallery/favorite-dairy-and-dairy-free-products,1
https://www.popsci.com/gear/best-monitor-wall-mounts/,1
https://www.bike-discount.de/en/bike/bike-parts/mountain-bike-parts/brakes/,0
https://www.curated.com/journal/749000/an-expert-guide-to-the-best-tennis-racquet-brands,0
https://www.noblemantech.com/blogs/news/4-best-skateboard-elbow-pads-tested-and-reviewed,1
https://www.babygearlab.com/topics/activity-soothing/best-baby-rocker,1
https://spillfix.com/blog/absorbent-material-types/,0
https://www.ebiketester24.de/en/wie-man-den-richtigen-fahrradkorb-hinten-fuer-e-bikes-auswaehlt/,0
https://www.vice.com/en/article/xgdbd3/best-small-kitchen-appliances,0
https://www.gq-magazine.co.uk/gallery/mens-underwear-guide,1
https://www.foodandwine.com/lifestyle/kitchen/best-immersion-blender,1
https://www.menshealth.com/style/g39382320/best-eyeglasses-for-men/,1
https://www.boardshop.co.uk/blog/top-10-surfboards-of-the-year/,1
https://izzycooking.com/breadfruit-recipes/,1
https://www.zeiss.com/consumer-products/int/photography/lens-accessories/cleaning-products.html,0
https://www.paintsupply.com/categories/painting-equipment-supplies/roller-trays-liners-bucket-grids/roller-trays-liners/,0
https://wildairsports.com/six-of-the-best-bike-racks-for-any-vehicle/,1
https://www.bestproducts.com/best-baby-feeding-products/,1
https://www.babycenter.com/baby/sleep/is-it-safe-to-use-bumpers-on-my-babys-crib_1368447,0
https://www.amazon.de/-/en/gp/bestsellers/pet-supplies/4254587031,1
https://www.thomann.de/gb/accessories_for_stands.html,0
https://en.wikipedia.org/wiki/Acrylic_paint,0
https://retailer.best-one.co.uk/grocery/181/502011,0
https://www.murraymotorsport.com/car/cockpit/roll-cages,0
https://larkinthemorning.com/collections/frame-drums,0
https://www.steamaster.com.au/product-category/air-movers/,1
https://www.realsimple.com/best-shoe-cleaners-6824854,1
https://www.goodhousekeeping.com/home-products/g29609739/best-water-filters/,1
https://1lumen.com/best-headlamps/,1
https://purdyco.com/product-category/wire-partitions-enclosures/,0
https://www.templeofincense.com/our-top-10-best-selling-incense-sticks-list/,1
https://www.hollandandbarrett.com/the-health-hub/food-drink/recipes/apple-cider-vinegar-recipes/how-to-drink-apple-cider-vinegar/,0
https://www.walmart.com/browse/arts-crafts-sewing/trims-embellishments/1334134_1094704_5620176_6335431,0
https://www.wirliebenhunter.de/en/dogs/care-hygiene-products/,0
https://www.womenshealthmag.com/beauty/g38013727/best-claw-clips/,0
https://www.goodhomes.co.in/shopping/buyer-s-guide/top-10-picks-for-the-bedroom-5638.html,1
https://www.pondandgardendepot.com/pump-replacement-parts-accessories/,0
https://www.cabinetdoors.com/blog/our-top-6-most-popular-cabinet-doors/,0
https://www.amazon.com/Best-Sellers-Household-Stains/zgbs/hi/13399711,1
https://ndnailsupply.com/blogs/articles/best-nail-drill-bits,1
https://www.goodhousekeeping.com/uk/product-reviews/fashion-and-beauty/g30853233/best-ipl-devices/,1
https://www.ebay.co.uk/t/Car-Airbag-Parts/177711/bn_876956,1
https://www.squadlocker.com/squad-blog/top-picks-for-wrestling-uniforms,1
https://www.thedrive.com/reviews/27925/best-license-plate-frames,1
https://www.gadgetany.com/electric-unicycle-accessories/,1
https://www.ncbi.nlm.nih.gov/pmc/articles/PMC5878987/,1
https://www.who.int/news-room/fact-sheets/detail/infant-and-young-child-feeding,0
https://thesurvivalmom.com/food-storage-containers/,0
https://www.peerspace.com/resources/70th-birthday-party-ideas/,0
https://hicaps.com.ph/baking-ingredients-and-their-uses-list/,0
https://www.olivemagazine.com/guides/best-silicone-baking-mats/,1
https://www.outdoorgearlab.com/topics/snow-sports/best-snowshoes,1
https://www.bestbuy.com/site/home-appliances/washers-dryers/abcat0910000.c?id=abcat0910000,0
https://www.lonewolfpaintball.com/blogs/goggles/best-paintball-masks-in-2022,1
https://www.pbconversions.co.uk/vehicle-hand-controls-what-should-i-know/,0
https://dribbble.com/tags/construction_lines,0
https://www.windex.com/en-us/products/electronics-wipes,0
https://www.harpersbazaar.com/beauty/makeup/g37004535/best-toiletry-bags/,1
https://studyfinds.org/best-popcorn-makers/,1
https://www.amazon.com/Outdoor-Ottoman-Cushion/s?k=Outdoor+Ottoman+Cushion,1
https://www.johnpacker.co.uk/shop/accessories/reeds-reed-cases,0
https://www.familyhandyman.com/project/chainsaw-reviews/,0
https://sleepangel-medical.com/all-products/,0
https://motopasionstore.com/en/151-elbow-guards-moto,0
https://www.cxdqtextile.com/blog/best-hospital-bed-sheets/,1
https://www.playfulpromises.com/collections/basques-corsets,0
https://www.nei.nih.gov/learn-about-eye-health/healthy-vision/sports-and-eye-safety-tips-parents-and-teachers,0
https://www.amazon.com/nut-milk-maker/s?k=nut+milk+maker,1
https://www.audioreputation.com/fm-transmitters-for-churches/,1
https://www.tastefrance.com/french-products/fruits-vegetables/french-melons,0
https://www.icrfq.net/contactor-vs-relay/,0
https://nymag.com/strategist/article/best-honey.html,1
https://krmlight.com/night-lights-and-ambient-lighting/,1
https://www.amazon.com/aromatherapy-pillow/s?k=aromatherapy+pillow,1
https://www.firstcry.com/baby-diapers/1/27,1
https://www.walmart.com/browse/walmart-for-business/deep-fryers/best-rated/6735581_4455635_90546_4824_6375697/Y3VzdG9tZXJfcmF0aW5nOjQgLSA1IFN0YXJz,1
https://www.smithcorona.com/typewriter-supplies.html,0
https://weldguru.com/best-plasma-cutter/,1
https://www.expertreviews.co.uk/home-garden/1414679/best-christmas-garland,1
https://www.menshealth.com/grooming/g42357633/best-warming-lubricant/,1
https://www.verywellfamily.com/best-backpack-diaper-bags-4163608,1
https://play-trains.com/best-wooden-train-sets/,1
https://www.etsy.com/market/custom_sign,1
https://www.sellwithsesame.ai/blog/best-vending-machine-options-for-business-owners,1
https://tlji.com/active-play/100-kids-bank-play-money-set.html,1
https://www.teachingexpertise.com/classroom-ideas/fabulous-pretend-play-food-sets/,0
https://www.expertreviews.co.uk/home-garden/1416416/best-laundry-detergents,1
https://www.ultimateoffice.com/collections/mail-carts,0
"https://www.rosesci.com/Products/products.php?title=Laboratory%20Aids,%20Scoops,%20Spatulas,%20Spoons%20and%20Ladles",0
https://www.amazon.de/-/en/Actress-Lumi%C3%A8res-Winners-Seydoux-Painting/dp/B09NRV1M62,0
https://www.amazon.com/Play-Set-Attachments/b?ie=UTF8&node=7427918011,0
https://www.amazon.de/-/en/Bassdash-Versatile-Fishing-Hunting-Photography/dp/B08LBDXNZT,0
https://www.houzz.com/products/traditional/bathroom-sinks/type_bathroom_sink--Pedestal,0
https://blog.treasurie.com/clothes-fastenings/,0
https://gearjunkie.com/knives/best-pocket-knives,1
https://momlovesbest.com/stuffed-animals-for-kids,1
https://www.basspro.com/l/archery-targets,0
https://learn.wineenthusiast.com/wine-refrigerators/best-wine-fridges-for-every-type-of-drinker,1
https://medium.com/@priya.priyankaluv/woodworking-plans-projects-by-tedswoodworking-1600-largest-database-of-best-woodwork-techniques-ee59f4eac78d,1
https://wuling.id/en/blog/autotips/9-car-suspension-components-and-their-functions,0
https://www.bakeat350.net/2022/03/four-favorite-bakeries-in-frankfurt-germany.html,1
https://www.motherandbaby.co.uk/reviews/for-mum/best-breast-pumps/,1
https://vain.store/blogs/winter-gear/the-best-snow-goggle-lens-color,0
https://mikereinold.com/best-blood-flow-restriction-bands-cuffs-equipment/,1
https://www.babygearlab.com/topics/diapering-potty/best-disposable-diaper,1
https://www.stylecraze.com/articles/best-facial-cotton-pads/,1
https://www.amazon.com/Best-Sellers-Hypodermic-Needles/zgbs/industrial/8404644011,1
https://www.refinery29.com/en-us/best-dressers,0
https://www.helpguide.org/articles/healthy-living/what-are-the-best-exercises-for-me.htm,0
https://theeverygirl.com/pretty-gift-wrapping-tips/,1
https://cleanandconscious.com.au/baby-kids/safest-and-best-baby-wipes/,0
https://www.amazon.com/Best-Sellers-Antitheft-Alarm-Systems/zgbs/automotive/15735161,1
https://www.dontwasteyourmoney.com/best-hand-paddles/,1
https://lawnchick.com/best-lawn-weed-killer/,1
https://www.echocommunity.org/en/resources/06b9bb66-b554-42d3-9b09-2e7fdbe3641c,0
https://www.houzz.com/products/christmas-decorations/theme_holiday--Nutcrackers,0
https://www.vaticanum.com/en/religious-items,0
https://www.gardengatemagazine.com/review/best-cordless-cultivator/,0
https://www.drinkhacker.com/category/spirits/vodka/shochusoju/,0
https://www.amazon.com/Munchkin-Portable-Diaper-Changing-Wipes/dp/B0035ER592,1
https://www.ebay.com/b/Gear-Tie/85917/bn_7023301702,0
https://miamifruit.org/blogs/news/all-about-atemoya,0
http://isspol.org.ec/featuresq/Washer-Dryer-Parts-Accessories/Products-541807/Board-Part-W-Maytag.action,0
https://editorialist.com/beauty/best-highlighter-makeup/,1
https://www.geappliances.com/ge-appliances/kitchen/microwaves/microwave-oven-accessories/,0
https://www.bonappetit.com/story/best-espresso-machines,1
